peak_times,int_area,sampID
52.18068,3914.7380766983606,Smp_ALOHA_elute
858.09185,1240.9353692184916,Smp_ALOHA_elute
1014.75944,278.58105253855297,Smp_ALOHA_elute
1083.15401,613.0364896612843,Smp_ALOHA_elute
1267.78594,438.1028767665709,Smp_ALOHA_elute
1414.00906,6860.566909605527,Smp_ALOHA_elute
1470.9484,769.1165471569853,Smp_ALOHA_elute
1573.3719,1327.980812653967,Smp_ALOHA_elute
1695.33696,173.92967573909326,Smp_ALOHA_elute
1810.5634,226.0707777451242,Smp_ALOHA_elute
51.17037,2866.7905606394147,Smp_ALOHA_crude
736.46448,128.2850640786191,Smp_ALOHA_crude
852.02791,876.7718582529369,Smp_ALOHA_crude
1004.98928,938.1779074724309,Smp_ALOHA_crude
1073.72086,646.36125031449,Smp_ALOHA_crude
1120.8896,336.5094431382597,Smp_ALOHA_crude
1171.7644,872.6612946291209,Smp_ALOHA_crude
1250.60363,1533.4162196591062,Smp_ALOHA_crude
1311.24913,3414.7967560948746,Smp_ALOHA_crude
1394.13135,3999.9775574436107,Smp_ALOHA_crude
1450.73369,1169.6714685554734,Smp_ALOHA_crude
1551.47259,941.5093991699428,Smp_ALOHA_crude
1671.75278,397.6964442793144,Smp_ALOHA_crude
1789.00085,341.6779103417691,Smp_ALOHA_crude
51.17032,510.7507246189637,Smp_BATS_elute
846.30061,238.8235052255484,Smp_BATS_elute
1067.31981,143.767150622178,Smp_BATS_elute
1373.57964,193.9968049464306,Smp_BATS_elute
1392.44716,543.8300497540926,Smp_BATS_elute
1549.11478,287.81537069151483,Smp_BATS_elute
50.83322,915.6825120420915,Smp_BATS_crude
110.46792,1336.9968904310135,Smp_BATS_crude
847.6476,475.64496612063806,Smp_BATS_crude
1001.61981,119.78146176434637,Smp_BATS_crude
1064.96068,102.5367874561746,Smp_BATS_crude
1375.60052,357.6836027978377,Smp_BATS_crude
1391.09881,853.5573678585616,Smp_BATS_crude
1540.35409,466.0126622451073,Smp_BATS_crude
51.50734,2332.9803528328107,Smp_PS1_elute
113.83742,601.5828895053864,Smp_PS1_elute
823.38993,790.5963864207051,Smp_PS1_elute
845.62668,923.2581597457859,Smp_PS1_elute
999.59891,302.00440038488495,Smp_PS1_elute
1070.01519,213.78038843828244,Smp_PS1_elute
1118.86842,238.11991028962245,Smp_PS1_elute
1390.0885,2243.852752556504,Smp_PS1_elute
1450.0602,659.7122966298008,Smp_PS1_elute
1549.11453,782.2658641893902,Smp_PS1_elute
1758.67833,251.0108987573508,Smp_PS1_elute
51.17021,637.1474638353905,Smp_PS1_crude
851.35397,1272.9536975479218,Smp_PS1_crude
990.16486,155.20324936348285,Smp_PS1_crude
1006.00009,215.96394699950602,Smp_PS1_crude
1216.23786,59.04778001993935,Smp_PS1_crude
1376.61169,1631.310637669932,Smp_PS1_crude
1539.68074,272.1633266954641,Smp_PS1_crude
1758.34145,106.90907199650152,Smp_PS1_crude
52.1811,2807.4772278432024,Smp_PS2_elute
111.47896,258.03162106209805,Smp_PS2_elute
851.69133,108.48233273436254,Smp_PS2_elute
1066.98301,669.6836955504849,Smp_PS2_elute
1244.87665,940.9686542092273,Smp_PS2_elute
1389.75199,1015.1538058814133,Smp_PS2_elute
1488.80642,230.29112054358566,Smp_PS2_elute
1527.55223,374.152891238095,Smp_PS2_elute
1633.345,307.00176811091353,Smp_PS2_elute
1669.05849,607.8014820623454,Smp_PS2_elute
51.17034,1148.9501442863514,Smp_PS2_crude
86.21002,539.032766970953,Smp_PS2_crude
682.22117,82.84499954542471,Smp_PS2_crude
851.01793,929.8494686348271,Smp_PS2_crude
984.77487,184.87156121529094,Smp_PS2_crude
1006.67468,153.57533597308435,Smp_PS2_crude
1216.23871,180.99798128549764,Smp_PS2_crude
1372.90626,4465.7561408009,Smp_PS2_crude
1536.31224,554.5608446873559,Smp_PS2_crude
1624.58513,602.9209109437908,Smp_PS2_crude
1663.66775,462.4006603352877,Smp_PS2_crude
51.50695,783.9846886501766,Smp_PS3_elute
110.13094,453.8556048392782,Smp_PS3_elute
847.64795,489.1656893537019,Smp_PS3_elute
1001.28329,114.95348214108148,Smp_PS3_elute
1371.5577,274.1388363002666,Smp_PS3_elute
1391.77291,344.8542486529312,Smp_PS3_elute
1430.18184,271.99327054863954,Smp_PS3_elute
1453.09242,275.2090086027109,Smp_PS3_elute
1534.29012,284.3125964623934,Smp_PS3_elute
1591.56639,376.8476465578073,Smp_PS3_elute
1624.58462,412.0188059244435,Smp_PS3_elute
1665.01506,277.3674197379132,Smp_PS3_elute
51.17022,659.6435885992588,Smp_PS3_crude
86.88366,1203.8750430475882,Smp_PS3_crude
834.1714,157.82040053528624,Smp_PS3_crude
852.70198,651.2518537789125,Smp_PS3_crude
1008.35883,482.31260689477494,Smp_PS3_crude
1371.89522,952.8126897880791,Smp_PS3_crude
1391.43661,602.4139901163237,Smp_PS3_crude
1431.86688,375.84179991145436,Smp_PS3_crude
1453.76665,516.0006507405251,Smp_PS3_crude
1535.63811,361.4414151782688,Smp_PS3_crude
1588.53462,378.1617156102054,Smp_PS3_crude
1622.56345,539.6286014523544,Smp_PS3_crude
1661.3092,303.0077224700957,Smp_PS3_crude
846.97386,1680.9787247264615,Smp_KM1906S4C28D15_A
50.15946,473.7054281648884,Smp_KM1906U12_C
844.9531,1427.8979737429224,Smp_KM1906U12_C
1001.95785,184.2837952476555,Smp_KM1906U12_C
1117.52123,341.86819925347845,Smp_KM1906U12_C
1443.99663,244.8066645717271,Smp_KM1906U12_C
1531.93253,250.67677808756355,Smp_KM1906U12_C
51.84381,200.652763048882,Smp_KM1910S2CTD10D25_B
109.45712,157.0114292269987,Smp_KM1910S2CTD10D25_B
846.63736,1451.0332543566992,Smp_KM1910S2CTD10D25_B
1000.27267,258.9197582369335,Smp_KM1910S2CTD10D25_B
